"#","Pokémon","Points"
"001","Bulbasaur","5"
"002","Ivysaur","5"
"003","Venusaur","30"
"003-m","Mega Venusaur","N/A"
"004","Charmander","5"
"005","Charmeleon","5"
"006","Charizard","25"
"006-mx","Mega Charizard X","N/A"
"006-my","Mega Charizard Y","N/A"
"007","Squirtle","5"
"008","Wartortle","5"
"009","Blastoise","15"
"009-m","Mega Blastoise","N/A"
"010","Caterpie","N/A"
"011","Metapod","N/A"
"012","Butterfree","N/A"
"013","Weedle","N/A"
"014","Kakuna","N/A"
"015","Beedrill","N/A"
"015-m","Mega Beedrill","N/A"
"016","Pidgey","N/A"
"017","Pidgeotto","N/A"
"018","Pidgeot","N/A"
"018-m","Mega Pidgeot","N/A"
"019","Rattata","N/A"
"019-a","Rattata-Alola","N/A"
"020","Raticate","N/A"
"020-a","Raticate-Alola","N/A"
"021","Spearow","N/A"
"022","Fearow","N/A"
"023","Ekans","5"
"024","Arbok","5"
"025","Pikachu","5"
"026","Raichu","15"
"026-a","Raichu-Alola","10"
"026-mx","Mega Raichu X","N/A"
"026-my","Mega Raichu Y","N/A"
"027","Sandshrew","5"
"027-a","Sandshrew-Alola","5"
"028","Sandslash","5"
"028-a","Sandslash-Alola","10"
"029","Nidoran-F","N/A"
"030","Nidorina","N/A"
"031","Nidoqueen","N/A"
"032","Nidoran-M","N/A"
"033","Nidorino","N/A"
"034","Nidoking","N/A"
"035","Clefairy","40"
"036","Clefable","25"
"036-m","Mega Clefable","N/A"
"037","Vulpix","15"
"037-a","Vulpix-Alola","5"
"038","Ninetales","50"
"038-a","Ninetales-Alola","50"
"039","Jigglypuff","5"
"040","Wigglytuff","5"
"041","Zubat","N/A"
"042","Golbat","N/A"
"043","Oddish","5"
"044","Gloom","5"
"045","Vileplume","5"
"046","Paras","N/A"
"047","Parasect","N/A"
"048","Venonat","5"
"049","Venomoth","5"
"050","Diglett","5"
"050-a","Diglett-Alola","5"
"051","Dugtrio","5"
"051-a","Dugtrio-Alola","5"
"052","Meowth","5"
"052-a","Meowth-Alola","5"
"052-g","Meowth-Galar","5"
"053","Persian","5"
"053-a","Persian-Alola","10"
"054","Psyduck","5"
"055","Golduck","5"
"056","Mankey","5"
"057","Primeape","10"
"058","Growlithe","5"
"058-h","Growlithe-Hisui","5"
"059","Arcanine","50"
"059-h","Arcanine-Hisui","50"
"060","Poliwag","5"
"061","Poliwhirl","5"
"062","Poliwrath","10"
"063","Abra","N/A"
"064","Kadabra","N/A"
"065","Alakazam","N/A"
"065-m","Mega Alakazam","N/A"
"066","Machop","N/A"
"067","Machoke","N/A"
"068","Machamp","N/A"
"069","Bellsprout","5"
"070","Weepinbell","5"
"071","Victreebel","5"
"071-m","Mega Victreebel","N/A"
"072","Tentacool","5"
"073","Tentacruel","5"
"074","Geodude","5"
"074-a","Geodude-Alola","5"
"075","Graveler","5"
"075-a","Graveler-Alola","5"
"076","Golem","5"
"076-a","Golem-Alola","5"
"077","Ponyta","N/A"
"077-g","Ponyta-Galar","N/A"
"078","Rapidash","N/A"
"078-g","Rapidash-Galar","N/A"
"079","Slowpoke","5"
"079-g","Slowpoke-Galar","5"
"080","Slowbro","25"
"080-g","Slowbro-Galar","10"
"080-m","Mega Slowbro","N/A"
"081","Magnemite","5"
"082","Magneton","5"
"083","Farfetch'd","N/A"
"083-g","Farfetch'd-Galar","N/A"
"084","Doduo","5"
"085","Dodrio","5"
"086","Seel","5"
"087","Dewgong","5"
"088","Grimer","5"
"088-a","Grimer-Alola","5"
"089","Muk","5"
"089-a","Muk-Alola","15"
"090","Shellder","5"
"091","Cloyster","5"
"092","Gastly","5"
"093","Haunter","5"
"094","Gengar","20"
"094-m","Mega Gengar","N/A"
"095","Onix","N/A"
"096","Drowzee","5"
"097","Hypno","5"
"098","Krabby","N/A"
"099","Kingler","N/A"
"100","Voltorb","5"
"100-h","Voltorb-Hisui","5"
"101","Electrode","10"
"101-h","Electrode-Hisui","10"
"102","Exeggcute","5"
"103","Exeggutor","10"
"103-a","Exeggutor-Alola","5"
"104","Cubone","N/A"
"105","Marowak","N/A"
"105-a","Marowak-Alola","N/A"
"106","Hitmonlee","10"
"107","Hitmonchan","10"
"108","Lickitung","N/A"
"109","Koffing","5"
"110","Weezing","15"
"110-g","Weezing-Galar","15"
"111","Rhyhorn","5"
"112","Rhydon","10"
"113","Chansey","5"
"114","Tangela","N/A"
"115","Kangaskhan","N/A"
"115-m","Mega Kangaskhan","N/A"
"116","Horsea","5"
"117","Seadra","5"
"118","Goldeen","N/A"
"119","Seaking","N/A"
"120","Staryu","N/A"
"121","Starmie","N/A"
"121-m","Mega Starmie","N/A"
"122","Mr. Mime","N/A"
"122-g","Mr. Mime-Galar","N/A"
"123","Scyther","5"
"124","Jynx","N/A"
"125","Electabuzz","25"
"126","Magmar","25"
"127","Pinsir","N/A"
"127-m","Mega Pinsir","N/A"
"128","Tauros","10"
"128-a","Tauros-Paldea-Aqua","30"
"128-b","Tauros-Paldea-Blaze","30"
"128-p","Tauros-Paldea-Combat","15"
"129","Magikarp","5"
"130","Gyarados","50"
"130-m","Mega Gyarados","N/A"
"131","Lapras","10"
"132","Ditto","15"
"133","Eevee","5"
"134","Vaporeon","10"
"135","Jolteon","15"
"136","Flareon","5"
"137","Porygon","5"
"138","Omanyte","N/A"
"139","Omastar","N/A"
"140","Kabuto","N/A"
"141","Kabutops","N/A"
"142","Aerodactyl","N/A"
"142-m","Mega Aerodactyl","N/A"
"143","Snorlax","30"
"144","Articuno","15"
"144-g","Articuno-Galar","20"
"145","Zapdos","50"
"145-g","Zapdos-Galar","40"
"146","Moltres","30"
"146-g","Moltres-Galar","60"
"147","Dratini","5"
"148","Dragonair","5"
"149","Dragonite","60"
"149-m","Mega Dragonite","N/A"
"150","Mewtwo","N/A"
"150-mx","Mega Mewtwo X","N/A"
"150-my","Mega Mewtwo Y","N/A"
"151","Mew","N/A"
"152","Chikorita","5"
"153","Bayleef","5"
"154","Meganium","5"
"154-m","Mega Meganium","N/A"
"155","Cyndaquil","5"
"156","Quilava","5"
"157","Typhlosion","10"
"157-h","Typhlosion-Hisui","20"
"158","Totodile","5"
"159","Croconaw","5"
"160","Feraligatr","15"
"160-m","Mega Feraligatr","N/A"
"161","Sentret","5"
"162","Furret","5"
"163","Hoothoot","5"
"164","Noctowl","5"
"165","Ledyba","N/A"
"166","Ledian","N/A"
"167","Spinarak","5"
"168","Ariados","5"
"169","Crobat","N/A"
"170","Chinchou","5"
"171","Lanturn","5"
"172","Pichu","5"
"173","Cleffa","5"
"174","Igglybuff","5"
"175","Togepi","N/A"
"176","Togetic","N/A"
"177","Natu","N/A"
"178","Xatu","N/A"
"179","Mareep","5"
"180","Flaaffy","5"
"181","Ampharos","5"
"181-m","Mega Ampharos","N/A"
"182","Bellossom","5"
"183","Marill","5"
"184","Azumarill","30"
"185","Sudowoodo","5"
"186","Politoed","40"
"187","Hoppip","5"
"188","Skiploom","5"
"189","Jumpluff","15"
"190","Aipom","5"
"191","Sunkern","5"
"192","Sunflora","5"
"193","Yanma","5"
"194","Wooper","5"
"194-p","Wooper-Paldea","5"
"195","Quagsire","5"
"196","Espeon","10"
"197","Umbreon","15"
"198","Murkrow","40"
"199","Slowking","25"
"199-g","Slowking-Galar","15"
"200","Misdreavus","5"
"201","Unown","N/A"
"202","Wobbuffet","N/A"
"203","Girafarig","10"
"204","Pineco","5"
"205","Forretress","5"
"206","Dunsparce","5"
"207","Gligar","5"
"208","Steelix","N/A"
"208-m","Mega Steelix","N/A"
"209","Snubbull","5"
"210","Granbull","5"
"211","Qwilfish","5"
"211-h","Qwilfish-Hisui","10"
"212","Scizor","40"
"212-m","Mega Scizor","N/A"
"213","Shuckle","N/A"
"214","Heracross","15"
"214-m","Mega Heracross","N/A"
"215","Sneasel","10"
"215-h","Sneasel-Hisui","10"
"216","Teddiursa","5"
"217","Ursaring","5"
"218","Slugma","5"
"219","Magcargo","5"
"220","Swinub","5"
"221","Piloswine","5"
"222","Corsola","N/A"
"222-g","Corsola-Galar","N/A"
"223","Remoraid","N/A"
"224","Octillery","N/A"
"225","Delibird","5"
"226","Mantine","N/A"
"227","Skarmory","10"
"227-m","Mega Skarmory","N/A"
"228","Houndour","5"
"229","Houndoom","5"
"229-m","Mega Houndoom","N/A"
"230","Kingdra","30"
"231","Phanpy","5"
"232","Donphan","15"
"233","Porygon2","40"
"234","Stantler","5"
"235","Smeargle","50"
"236","Tyrogue","5"
"237","Hitmontop","25"
"238","Smoochum","N/A"
"239","Elekid","5"
"240","Magby","5"
"241","Miltank","N/A"
"242","Blissey","5"
"243","Raikou","30"
"244","Entei","50"
"245","Suicune","50"
"246","Larvitar","5"
"247","Pupitar","5"
"248","Tyranitar","60"
"248-m","Mega Tyranitar","N/A"
"249","Lugia","N/A"
"250","Ho-Oh","N/A"
"251","Celebi","N/A"
"252","Treecko","5"
"253","Grovyle","5"
"254","Sceptile","10"
"254-m","Mega Sceptile","N/A"
"255","Torchic","5"
"256","Combusken","5"
"257","Blaziken","15"
"257-m","Mega Blaziken","N/A"
"258","Mudkip","5"
"259","Marshtomp","5"
"260","Swampert","10"
"260-m","Mega Swampert","N/A"
"261","Poochyena","5"
"262","Mightyena","5"
"263","Zigzagoon","N/A"
"263-g","Zigzagoon-Galar","N/A"
"264","Linoone","N/A"
"264-g","Linoone-Galar","N/A"
"265","Wurmple","N/A"
"266","Silcoon","N/A"
"267","Beautifly","N/A"
"268","Cascoon","N/A"
"269","Dustox","N/A"
"270","Lotad","5"
"271","Lombre","5"
"272","Ludicolo","25"
"273","Seedot","5"
"274","Nuzleaf","5"
"275","Shiftry","15"
"276","Taillow","N/A"
"277","Swellow","N/A"
"278","Wingull","5"
"279","Pelipper","40"
"280","Ralts","5"
"281","Kirlia","5"
"282","Gardevoir","15"
"282-m","Mega Gardevoir","N/A"
"283","Surskit","5"
"284","Masquerain","5"
"285","Shroomish","5"
"286","Breloom","20"
"287","Slakoth","5"
"288","Vigoroth","5"
"289","Slaking","50"
"290","Nincada","N/A"
"291","Ninjask","N/A"
"292","Shedinja","N/A"
"293","Whismur","N/A"
"294","Loudred","N/A"
"295","Exploud","N/A"
"296","Makuhita","5"
"297","Hariyama","30"
"298","Azurill","5"
"299","Nosepass","5"
"300","Skitty","N/A"
"301","Delcatty","N/A"
"302","Sableye","30"
"302-m","Mega Sableye","N/A"
"303","Mawile","N/A"
"303-m","Mega Mawile","N/A"
"304","Aron","N/A"
"305","Lairon","N/A"
"306","Aggron","N/A"
"306-m","Mega Aggron","N/A"
"307","Meditite","5"
"308","Medicham","15"
"308-m","Mega Medicham","N/A"
"309","Electrike","N/A"
"310","Manectric","N/A"
"310-m","Mega Manectric","N/A"
"311","Plusle","5"
"312","Minun","5"
"313","Volbeat","40"
"314","Illumise","40"
"315","Roselia","N/A"
"316","Gulpin","5"
"317","Swalot","5"
"318","Carvanha","N/A"
"319","Sharpedo","N/A"
"319-m","Mega Sharpedo","N/A"
"320","Wailmer","N/A"
"321","Wailord","N/A"
"322","Numel","5"
"323","Camerupt","5"
"323-m","Mega Camerupt","N/A"
"324","Torkoal","70"
"325","Spoink","5"
"326","Grumpig","5"
"327","Spinda","N/A"
"328","Trapinch","5"
"329","Vibrava","5"
"330","Flygon","10"
"331","Cacnea","5"
"332","Cacturne","5"
"333","Swablu","5"
"334","Altaria","5"
"334-m","Mega Altaria","N/A"
"335","Zangoose","5"
"336","Seviper","5"
"337","Lunatone","N/A"
"338","Solrock","N/A"
"339","Barboach","5"
"340","Whiscash","5"
"341","Corphish","5"
"342","Crawdaunt","10"
"343","Baltoy","N/A"
"344","Claydol","N/A"
"345","Lileep","N/A"
"346","Cradily","N/A"
"347","Anorith","N/A"
"348","Armaldo","N/A"
"349","Feebas","5"
"350","Milotic","40"
"351","Castform","N/A"
"352","Kecleon","N/A"
"353","Shuppet","5"
"354","Banette","5"
"354-m","Mega Banette","N/A"
"355","Duskull","5"
"356","Dusclops","40"
"357","Tropius","5"
"358","Chimecho","5"
"358-m","Mega Chimecho","N/A"
"359","Absol","N/A"
"359-m","Mega Absol","N/A"
"359-mz","Mega Absol Z","N/A"
"360","Wynaut","N/A"
"361","Snorunt","5"
"362","Glalie","5"
"362-m","Mega Glalie","N/A"
"363","Spheal","N/A"
"364","Sealeo","N/A"
"365","Walrein","N/A"
"366","Clamperl","N/A"
"367","Huntail","N/A"
"368","Gorebyss","N/A"
"369","Relicanth","N/A"
"370","Luvdisc","5"
"371","Bagon","5"
"372","Shelgon","5"
"373","Salamence","50"
"373-m","Mega Salamence","N/A"
"374","Beldum","5"
"375","Metang","5"
"376","Metagross","50"
"376-m","Mega Metagross","N/A"
"377","Regirock","15"
"378","Regice","15"
"379","Registeel","40"
"380","Latias","60"
"380-m","Mega Latias","N/A"
"381","Latios","60"
"381-m","Mega Latios","N/A"
"382","Kyogre","N/A"
"382-p","Kyogre-Primal","N/A"
"383","Groudon","N/A"
"383-p","Groudon-Primal","N/A"
"384","Rayquaza","N/A"
"384-m","Mega Rayquaza","N/A"
"385","Jirachi","N/A"
"386","Deoxys","N/A"
"386-a","Deoxys-Attack","N/A"
"386-d","Deoxys-Defense","N/A"
"386-s","Deoxys-Speed","N/A"
"387","Turtwig","5"
"388","Grotle","5"
"389","Torterra","10"
"390","Chimchar","5"
"391","Monferno","5"
"392","Infernape","15"
"393","Piplup","5"
"394","Prinplup","5"
"395","Empoleon","20"
"396","Starly","5"
"397","Staravia","5"
"398","Staraptor","20"
"398-m","Mega Staraptor","N/A"
"399","Bidoof","N/A"
"400","Bibarel","N/A"
"401","Kricketot","5"
"402","Kricketune","5"
"403","Shinx","5"
"404","Luxio","5"
"405","Luxray","10"
"406","Budew","N/A"
"407","Roserade","N/A"
"408","Cranidos","5"
"409","Rampardos","5"
"410","Shieldon","5"
"411","Bastiodon","5"
"412","Burmy","N/A"
"413","Wormadam","N/A"
"413-s","Wormadam-Sandy","N/A"
"413-t","Wormadam-Trash","N/A"
"414","Mothim","N/A"
"415","Combee","5"
"416","Vespiquen","5"
"417","Pachirisu","15"
"418","Buizel","5"
"419","Floatzel","15"
"420","Cherubi","N/A"
"421","Cherrim","N/A"
"421-s","Cherrim-Sunshine","N/A"
"422","Shellos","5"
"423","Gastrodon","30"
"424","Ambipom","10"
"425","Drifloon","5"
"426","Drifblim","20"
"427","Buneary","N/A"
"428","Lopunny","N/A"
"428-m","Mega Lopunny","N/A"
"429","Mismagius","10"
"430","Honchkrow","10"
"431","Glameow","N/A"
"432","Purugly","N/A"
"433","Chingling","5"
"434","Stunky","5"
"435","Skuntank","5"
"436","Bronzor","5"
"437","Bronzong","30"
"438","Bonsly","5"
"439","Mime Jr.","N/A"
"440","Happiny","5"
"441","Chatot","N/A"
"442","Spiritomb","5"
"443","Gible","5"
"444","Gabite","5"
"445","Garchomp","50"
"445-m","Mega Garchomp","N/A"
"445-mz","Mega Garchomp Z","N/A"
"446","Munchlax","5"
"447","Riolu","5"
"448","Lucario","15"
"448-m","Mega Lucario","N/A"
"448-mz","Mega Lucario Z","N/A"
"449","Hippopotas","5"
"450","Hippowdon","25"
"451","Skorupi","N/A"
"452","Drapion","N/A"
"453","Croagunk","5"
"454","Toxicroak","5"
"455","Carnivine","N/A"
"456","Finneon","5"
"457","Lumineon","5"
"458","Mantyke","N/A"
"459","Snover","5"
"460","Abomasnow","20"
"460-m","Mega Abomasnow","N/A"
"461","Weavile","25"
"462","Magnezone","15"
"463","Lickilicky","N/A"
"464","Rhyperior","30"
"465","Tangrowth","N/A"
"466","Electivire","20"
"467","Magmortar","20"
"468","Togekiss","N/A"
"469","Yanmega","10"
"470","Leafeon","10"
"471","Glaceon","5"
"472","Gliscor","10"
"473","Mamoswine","30"
"474","Porygon-Z","30"
"475","Gallade","30"
"475-m","Mega Gallade","N/A"
"476","Probopass","5"
"477","Dusknoir","15"
"478","Froslass","10"
"478-m","Mega Froslass","N/A"
"479","Rotom","5"
"479-f","Rotom-Frost","10"
"479-h","Rotom-Heat","30"
"479-m","Rotom-Mow","20"
"479-s","Rotom-Fan","10"
"479-w","Rotom-Wash","30"
"480","Uxie","30"
"481","Mesprit","15"
"482","Azelf","25"
"483","Dialga","N/A"
"483-o","Dialga-Origin","N/A"
"484","Palkia","N/A"
"484-o","Palkia-Origin","N/A"
"485","Heatran","60"
"485-m","Mega Heatran","N/A"
"486","Regigigas","50"
"487","Giratina","N/A"
"487-o","Giratina-Origin","N/A"
"488","Cresselia","70"
"489","Phione","N/A"
"490","Manaphy","N/A"
"491","Darkrai","N/A"
"491-m","Mega Darkrai","N/A"
"492","Shaymin","N/A"
"492-s","Shaymin-Sky","N/A"
"493","Arceus","N/A"
"494","Victini","N/A"
"495","Snivy","5"
"496","Servine","5"
"497","Serperior","25"
"498","Tepig","5"
"499","Pignite","5"
"500","Emboar","10"
"500-m","Mega Emboar","N/A"
"501","Oshawott","5"
"502","Dewott","5"
"503","Samurott","5"
"503-h","Samurott-Hisui","15"
"504","Patrat","N/A"
"505","Watchog","N/A"
"506","Lillipup","N/A"
"507","Herdier","N/A"
"508","Stoutland","N/A"
"509","Purrloin","N/A"
"510","Liepard","N/A"
"511","Pansage","N/A"
"512","Simisage","N/A"
"513","Pansear","N/A"
"514","Simisear","N/A"
"515","Panpour","N/A"
"516","Simipour","N/A"
"517","Munna","N/A"
"518","Musharna","N/A"
"519","Pidove","N/A"
"520","Tranquill","N/A"
"521","Unfezant","N/A"
"522","Blitzle","5"
"523","Zebstrika","10"
"524","Roggenrola","N/A"
"525","Boldore","N/A"
"526","Gigalith","N/A"
"527","Woobat","N/A"
"528","Swoobat","N/A"
"529","Drilbur","5"
"530","Excadrill","30"
"530-m","Mega Excadrill","N/A"
"531","Audino","N/A"
"531-m","Mega Audino","N/A"
"532","Timburr","5"
"533","Gurdurr","5"
"534","Conkeldurr","30"
"535","Tympole","N/A"
"536","Palpitoad","N/A"
"537","Seismitoad","N/A"
"538","Throh","N/A"
"539","Sawk","N/A"
"540","Sewaddle","5"
"541","Swadloon","5"
"542","Leavanny","5"
"543","Venipede","N/A"
"544","Whirlipede","N/A"
"545","Scolipede","N/A"
"545-m","Mega Scolipede","N/A"
"546","Cottonee","5"
"547","Whimsicott","50"
"548","Petilil","5"
"549","Lilligant","25"
"549-h","Lilligant-Hisui","30"
"550","Basculin","5"
"550-w","Basculin-White-Striped","N/A"
"551","Sandile","5"
"552","Krokorok","5"
"553","Krookodile","30"
"554","Darumaka","N/A"
"554-g","Darumaka-Galar","N/A"
"555","Darmanitan","N/A"
"555-g","Darmanitan-Galar","N/A"
"555-gz","Darmanitan-Galar-Zen","N/A"
"555-z","Darmanitan-Zen","N/A"
"556","Maractus","N/A"
"557","Dwebble","N/A"
"558","Crustle","N/A"
"559","Scraggy","5"
"560","Scrafty","15"
"560-m","Mega Scrafty","N/A"
"561","Sigilyph","N/A"
"562","Yamask","N/A"
"562-g","Yamask-Galar","N/A"
"563","Cofagrigus","N/A"
"564","Tirtouga","N/A"
"565","Carracosta","N/A"
"566","Archen","N/A"
"567","Archeops","N/A"
"568","Trubbish","N/A"
"569","Garbodor","N/A"
"570","Zorua","5"
"570-h","Zorua-Hisui","5"
"571","Zoroark","10"
"571-h","Zoroark-Hisui","25"
"572","Minccino","5"
"573","Cinccino","15"
"574","Gothita","5"
"575","Gothorita","5"
"576","Gothitelle","30"
"577","Solosis","5"
"578","Duosion","5"
"579","Reuniclus","10"
"580","Ducklett","5"
"581","Swanna","5"
"582","Vanillite","N/A"
"583","Vanillish","N/A"
"584","Vanilluxe","N/A"
"585","Deerling","5"
"586","Sawsbuck","5"
"587","Emolga","N/A"
"588","Karrablast","N/A"
"589","Escavalier","N/A"
"590","Foongus","10"
"591","Amoonguss","50"
"592","Frillish","N/A"
"593","Jellicent","N/A"
"594","Alomomola","5"
"595","Joltik","5"
"596","Galvantula","5"
"597","Ferroseed","N/A"
"598","Ferrothorn","N/A"
"599","Klink","N/A"
"600","Klang","N/A"
"601","Klinklang","N/A"
"602","Tynamo","5"
"603","Eelektrik","5"
"604","Eelektross","15"
"604-m","Mega Eelektross","N/A"
"605","Elgyem","N/A"
"606","Beheeyem","N/A"
"607","Litwick","5"
"608","Lampent","5"
"609","Chandelure","15"
"609-m","Mega Chandelure","N/A"
"610","Axew","5"
"611","Fraxure","5"
"612","Haxorus","15"
"613","Cubchoo","5"
"614","Beartic","15"
"615","Cryogonal","10"
"616","Shelmet","N/A"
"617","Accelgor","N/A"
"618","Stunfisk","N/A"
"618-g","Stunfisk-Galar","N/A"
"619","Mienfoo","5"
"620","Mienshao","15"
"621","Druddigon","N/A"
"622","Golett","5"
"623","Golurk","5"
"623-m","Mega Golurk","N/A"
"624","Pawniard","5"
"625","Bisharp","15"
"626","Bouffalant","N/A"
"627","Rufflet","5"
"628","Braviary","10"
"628-h","Braviary-Hisui","10"
"629","Vullaby","5"
"630","Mandibuzz","15"
"631","Heatmor","N/A"
"632","Durant","N/A"
"633","Deino","5"
"634","Zweilous","5"
"635","Hydreigon","50"
"636","Larvesta","5"
"637","Volcarona","50"
"638","Cobalion","20"
"639","Terrakion","40"
"640","Virizion","10"
"641","Tornadus","50"
"641-t","Tornadus-T","30"
"642","Thundurus","50"
"642-t","Thundurus-T","50"
"643","Reshiram","N/A"
"644","Zekrom","N/A"
"645","Landorus","50"
"645-t","Landorus-T","70"
"646","Kyurem","N/A"
"646-b","Kyurem-Black","N/A"
"646-w","Kyurem-White","N/A"
"647","Keldeo","N/A"
"648","Meloetta","N/A"
"648-p","Meloetta-Pirouette","N/A"
"649","Genesect","N/A"
"650","Chespin","5"
"651","Quilladin","5"
"652","Chesnaught","10"
"652-m","Mega Chesnaught","N/A"
"653","Fennekin","5"
"654","Braixen","5"
"655","Delphox","10"
"655-m","Mega Delphox","N/A"
"656","Froakie","5"
"657","Frogadier","5"
"658","Greninja","10"
"658-a","Greninja-Ash","N/A"
"658-m","Mega Greninja","N/A"
"659","Bunnelby","N/A"
"660","Diggersby","N/A"
"661","Fletchling","5"
"662","Fletchinder","5"
"663","Talonflame","40"
"664","Scatterbug","5"
"665","Spewpa","5"
"666","Vivillon","15"
"667","Litleo","5"
"668","Pyroar","5"
"668-m","Mega Pyroar","N/A"
"669","Flabebe","5"
"670","Floette","5"
"670-e","Floette-Eternal","N/A"
"670-m","Mega Floette","N/A"
"671","Florges","15"
"672","Skiddo","5"
"673","Gogoat","5"
"674","Pancham","N/A"
"675","Pangoro","N/A"
"676","Furfrou","N/A"
"677","Espurr","5"
"678","Meowstic-M","30"
"678-f","Meowstic-F","5"
"678-m","Mega Meowstic-M","N/A"
"678-mf","Mega Meowstic-F","N/A"
"679","Honedge","N/A"
"680","Doublade","N/A"
"681","Aegislash","N/A"
"681-b","Aegislash-Blade","N/A"
"682","Spritzee","N/A"
"683","Aromatisse","N/A"
"684","Swirlix","N/A"
"685","Slurpuff","N/A"
"686","Inkay","5"
"687","Malamar","5"
"687-m","Mega Malamar","N/A"
"688","Binacle","N/A"
"689","Barbaracle","N/A"
"689-m","Mega Barbaracle","N/A"
"690","Skrelp","5"
"691","Dragalge","15"
"691-m","Mega Dragalge","N/A"
"692","Clauncher","5"
"693","Clawitzer","10"
"694","Helioptile","N/A"
"695","Heliolisk","N/A"
"696","Tyrunt","N/A"
"697","Tyrantrum","N/A"
"698","Amaura","N/A"
"699","Aurorus","N/A"
"700","Sylveon","30"
"701","Hawlucha","15"
"701-m","Mega Hawlucha","N/A"
"702","Dedenne","5"
"703","Carbink","5"
"704","Goomy","5"
"705","Sliggoo","5"
"705-h","Sliggoo-Hisui","5"
"706","Goodra","30"
"706-h","Goodra-Hisui","60"
"707","Klefki","30"
"708","Phantump","5"
"709","Trevenant","5"
"710","Pumpkaboo","N/A"
"711","Gourgeist","N/A"
"712","Bergmite","5"
"713","Avalugg","5"
"713-h","Avalugg-Hisui","5"
"714","Noibat","5"
"715","Noivern","20"
"716","Xerneas","N/A"
"717","Yveltal","N/A"
"718","Zygarde","N/A"
"718-10","Zygarde-10%","N/A"
"718-c","Zygarde-Complete","N/A"
"718-m","Mega Zygarde","N/A"
"719","Diancie","N/A"
"719-m","Mega Diancie","N/A"
"720","Hoopa","N/A"
"720-u","Hoopa-Unbound","N/A"
"721","Volcanion","N/A"
"722","Rowlet","5"
"723","Dartrix","5"
"724","Decidueye","5"
"724-h","Decidueye-Hisui","10"
"725","Litten","5"
"726","Torracat","5"
"727","Incineroar","70"
"728","Popplio","5"
"729","Brionne","5"
"730","Primarina","40"
"731","Pikipek","5"
"732","Trumbeak","5"
"733","Toucannon","5"
"734","Yungoos","5"
"735","Gumshoos","5"
"736","Grubbin","5"
"737","Charjabug","5"
"738","Vikavolt","10"
"739","Crabrawler","5"
"740","Crabominable","5"
"740-m","Mega Crabominable","N/A"
"741","Oricorio-Baile","5"
"741-p","Oricorio-Pom-Pom","5"
"741-pau","Oricorio-Pa'u","5"
"741-s","Oricorio-Sensu","5"
"742","Cutiefly","5"
"743","Ribombee","15"
"744","Rockruff","5"
"745","Lycanroc-Midday","20"
"745-d","Lycanroc-Dusk","10"
"745-m","Lycanroc-Midnight","5"
"746","Wishiwashi","N/A"
"746-s","Wishiwashi-School","N/A"
"747","Mareanie","5"
"748","Toxapex","5"
"749","Mudbray","5"
"750","Mudsdale","25"
"751","Dewpider","5"
"752","Araquanid","15"
"753","Fomantis","5"
"754","Lurantis","5"
"755","Morelull","N/A"
"756","Shiinotic","N/A"
"757","Salandit","5"
"758","Salazzle","10"
"759","Stufful","N/A"
"760","Bewear","N/A"
"761","Bounsweet","5"
"762","Steenee","5"
"763","Tsareena","25"
"764","Comfey","25"
"765","Oranguru","25"
"766","Passimian","10"
"767","Wimpod","N/A"
"768","Golisopod","N/A"
"768-m","Mega Golisopod","N/A"
"769","Sandygast","5"
"770","Palossand","5"
"771","Pyukumuku","N/A"
"772","Type: Null","N/A"
"773","Silvally","N/A"
"774","Minior","5"
"774-c","Minior-Core","N/A"
"775","Komala","5"
"776","Turtonator","N/A"
"777","Togedemaru","N/A"
"778","Mimikyu","40"
"779","Bruxish","10"
"780","Drampa","N/A"
"780-m","Mega Drampa","N/A"
"781","Dhelmise","N/A"
"782","Jangmo-o","5"
"783","Hakamo-o","5"
"784","Kommo-o","50"
"785","Tapu Koko","N/A"
"786","Tapu Lele","N/A"
"787","Tapu Bulu","N/A"
"788","Tapu Fini","N/A"
"789","Cosmog","N/A"
"790","Cosmoem","N/A"
"791","Solgaleo","N/A"
"792","Lunala","N/A"
"793","Nihilego","N/A"
"794","Buzzwole","N/A"
"795","Pheromosa","N/A"
"796","Xurkitree","N/A"
"797","Celesteela","N/A"
"798","Kartana","N/A"
"799","Guzzlord","N/A"
"800","Necrozma","N/A"
"800-dm","Necrozma-Dusk-Mane","N/A"
"800-dw","Necrozma-Dawn-Wings","N/A"
"800-u","Necrozma-Ultra","N/A"
"801","Magearna","N/A"
"801-m","Mega Magearna","N/A"
"802","Marshadow","N/A"
"803","Poipole","N/A"
"804","Naganadel","N/A"
"805","Stakataka","N/A"
"806","Blacephalon","N/A"
"807","Zeraora","N/A"
"807-m","Mega Zeraora","N/A"
"808","Meltan","N/A"
"809","Melmetal","N/A"
"810","Grookey","5"
"811","Thwackey","5"
"812","Rillaboom","60"
"813","Scorbunny","5"
"814","Raboot","5"
"815","Cinderace","20"
"816","Sobble","5"
"817","Drizzile","5"
"818","Inteleon","15"
"819","Skwovet","5"
"820","Greedent","5"
"821","Rookidee","5"
"822","Corvisquire","5"
"823","Corviknight","25"
"824","Blipbug","N/A"
"825","Dottler","N/A"
"826","Orbeetle","N/A"
"827","Nickit","N/A"
"828","Thievul","N/A"
"829","Gossifleur","N/A"
"830","Eldegoss","N/A"
"831","Wooloo","N/A"
"832","Dubwool","N/A"
"833","Chewtle","5"
"834","Drednaw","10"
"835","Yamper","N/A"
"836","Boltund","N/A"
"837","Rolycoly","5"
"838","Carkol","5"
"839","Coalossal","10"
"840","Applin","5"
"841","Flapple","5"
"842","Appletun","5"
"843","Silicobra","5"
"844","Sandaconda","5"
"845","Cramorant","5"
"846","Arrokuda","5"
"847","Barraskewda","15"
"848","Toxel","5"
"849","Toxtricity","10"
"849-l","Toxtricity-Low-Key","N/A"
"850","Sizzlipede","N/A"
"851","Centiskorch","N/A"
"852","Clobbopus","N/A"
"853","Grapploct","N/A"
"854","Sinistea","5"
"855","Polteageist","5"
"856","Hatenna","5"
"857","Hattrem","5"
"858","Hatterene","50"
"859","Impidimp","5"
"860","Morgrem","10"
"861","Grimmsnarl","50"
"862","Obstagoon","N/A"
"863","Perrserker","5"
"864","Cursola","N/A"
"865","Sirfetch'd","N/A"
"866","Mr. Rime","N/A"
"867","Runerigus","N/A"
"868","Milcery","5"
"869","Alcremie","10"
"870","Falinks","5"
"870-m","Mega Falinks","N/A"
"871","Pincurchin","30"
"872","Snom","5"
"873","Frosmoth","10"
"874","Stonjourner","5"
"875","Eiscue","10"
"875-n","Eiscue-Noice","N/A"
"876","Indeedee-M","40"
"876-f","Indeedee-F","50"
"877","Morpeko","5"
"877-h","Morpeko-Hangry","N/A"
"878","Cufant","5"
"879","Copperajah","5"
"880","Dracozolt","N/A"
"881","Arctozolt","N/A"
"882","Dracovish","N/A"
"883","Arctovish","N/A"
"884","Duraludon","10"
"885","Dreepy","5"
"886","Drakloak","5"
"887","Dragapult","50"
"888","Zacian","N/A"
"888-c","Zacian-Crowned","N/A"
"889","Zamazenta","N/A"
"889-c","Zamazenta-Crowned","N/A"
"890","Eternatus","N/A"
"891","Kubfu","5"
"892","Urshifu-SS","70"
"892-r","Urshifu-RS","70"
"893","Zarude","40"
"894","Regieleki","40"
"895","Regidrago","40"
"896","Glastrier","60"
"897","Spectrier","40"
"898","Calyrex","N/A"
"898-i","Calyrex-Ice","N/A"
"898-s","Calyrex-Shadow","N/A"
"899","Wyrdeer","15"
"900","Kleavor","20"
"901","Ursaluna","70"
"901-b","Ursaluna-Bloodmoon","70"
"902","Basculegion-M","60"
"902-f","Basculegion-F","50"
"903","Sneasler","40"
"904","Overqwil","25"
"905","Enamorus","40"
"905-t","Enamorus-T","50"
"906","Sprigatito","5"
"907","Floragato","5"
"908","Meowscarada","30"
"909","Fuecoco","5"
"910","Crocalor","5"
"911","Skeledirge","40"
"912","Quaxly","5"
"913","Quaxwell","5"
"914","Quaquaval","25"
"915","Lechonk","5"
"916","Oinkologne-M","5"
"916-f","Oinkologne-F","5"
"917","Tarountula","5"
"918","Spidops","5"
"919","Nymble","5"
"920","Lokix","5"
"921","Pawmi","5"
"922","Pawmo","5"
"923","Pawmot","25"
"924","Tandemaus","5"
"925","Maushold","50"
"926","Fidough","5"
"927","Dachsbun","10"
"928","Smoliv","5"
"929","Dolliv","5"
"930","Arboliva","25"
"931","Squawkabilly","5"
"932","Nacli","5"
"933","Naclstack","5"
"934","Garganacl","40"
"935","Charcadet","5"
"936","Armarouge","50"
"937","Ceruledge","40"
"938","Tadbulb","5"
"939","Bellibolt","10"
"940","Wattrel","5"
"941","Kilowattrel","30"
"942","Maschiff","5"
"943","Mabosstiff","20"
"944","Shroodle","5"
"945","Grafaiai","15"
"946","Bramblin","5"
"947","Brambleghast","10"
"948","Toedscool","5"
"949","Toedscruel","15"
"950","Klawf","5"
"951","Capsakid","5"
"952","Scovillain","5"
"952-m","Mega Scovillain","N/A"
"953","Rellor","5"
"954","Rabsca","15"
"955","Flittle","5"
"956","Espathra","25"
"957","Tinkatink","5"
"958","Tinkatuff","5"
"959","Tinkaton","15"
"960","Wiglett","5"
"961","Wugtrio","5"
"962","Bombirdier","5"
"963","Finizen","5"
"964","Palafin","50"
"964-h","Palafin-Hero","N/A"
"965","Varoom","5"
"966","Revavroom","10"
"967","Cyclizar","15"
"968","Orthworm","15"
"969","Glimmet","5"
"970","Glimmora","25"
"970-m","Mega Glimmora","N/A"
"971","Greavard","5"
"972","Houndstone","30"
"973","Flamigo","10"
"974","Cetoddle","5"
"975","Cetitan","20"
"976","Veluza","5"
"977","Dondozo","25"
"978","Tatsugiri","15"
"978-m","Mega Tatsugiri","N/A"
"979","Annihilape","70"
"980","Clodsire","10"
"981","Farigiraf","40"
"982","Dudunsparce","10"
"983","Kingambit","70"
"984","Great Tusk","40"
"985","Scream Tail","40"
"986","Brute Bonnet","40"
"987","Flutter Mane","N/A"
"988","Slither Wing","25"
"989","Sandy Shocks","25"
"990","Iron Treads","25"
"991","Iron Bundle","50"
"992","Iron Hands","N/A"
"993","Iron Jugulis","30"
"994","Iron Moth","40"
"995","Iron Thorns","30"
"996","Frigibax","5"
"997","Arctibax","5"
"998","Baxcalibur","60"
"998-m","Mega Baxcalibur","N/A"
"999","Gimmighoul","5"
"1000","Gholdengo","70"
"1001","Wo-Chien","50"
"1002","Chien-Pao","N/A"
"1003","Ting-Lu","70"
"1004","Chi-Yu","N/A"
"1005","Roaring Moon","60"
"1006","Iron Valiant","40"
"1007","Koraidon","N/A"
"1008","Miraidon","N/A"
"1009","Walking Wake","60"
"1010","Iron Leaves","30"
"1011","Dipplin","10"
"1012","Poltchageist","5"
"1013","Sinistcha","50"
"1014","Okidogi","40"
"1015","Munkidori","25"
"1016","Fezandipiti","25"
"1017","Ogerpon","70"
"1017-c","Ogerpon-Cornerstone","70"
"1017-h","Ogerpon-Hearthflame","70"
"1017-w","Ogerpon-Wellspring","70"
"1018","Archaludon","70"
"1019","Hydrapple","30"
"1020","Gouging Fire","60"
"1021","Raging Bolt","70"
"1022","Iron Boulder","50"
"1023","Iron Crown","60"
"1024","Terapagos","N/A"
"1024-n","Terapagos-Normal","N/A"
"1024-s","Terapagos-Stellar","N/A"
"1024-t","Terapagos-Terastal","N/A"
"1025","Pecharunt","N/A"